id,name,quality,is_unlockable,is_generated,type,class,firemodes,is_silent,rpm,delay_semi,delay_burst,ammo_magazine,ammo_reserve,ammo_cost_per_shot,projectiles_per_shot,damage_per_projectile,range_effective,range_max,mul_damage_min,bash1_damage,bash1_radius,bash1_range,bash1_times,bash2_damage,bash2_radius,bash2_range,bash2_times,has_shotgun_reloader,delay_pre_reload,reload_time,reload_time_silent,reload_time_empty,reload_time_empty_silent,check_magazine_time,holster_time,spread_hip_min,spread_hip_max,spread_ads_min,spread_ads_max,spread_per_shot,spread_fall_time,recoil_x_min,recoil_x_max,recoil_y_min,recoil_y_max,recoil_pitch_return_ratio,recoil_decay_y,sway_ads,mul_movement_speed,mul_movement_speed_ads,price_campaign_min,price_campaign_max,price_unlock_min,price_unlock_max,projectiles_per_shot_ai,damage_per_projectile_ai_enemy,damage_per_projectile_ai_heister,bash_ai_damage,bash_ai_radius,bash_ai_range,range_effective_ai,range_max_ai,reload_time_ai
Baseball_Bat_Default,Baseball bat,Common,true,true,primary,C_Melee,,true,0,0,0,1,1,1,1,0,0,0,1,250,70,200,0.53417885 0.53417885,250,70,200,0.63083917,false,0,0,0,0,0,0,0.4,0,0,0,0,0,0,0,0,0,0,1,1,0,1.15,1,600,700,20000,30000,1,0,0,60,40,150,0,0,0
Boxer_Default,Boxer,Common,true,true,primary,C_Melee,,true,0,0,0,1,1,1,1,0,0,0,1,200,40,170,0.3700685 0.36741376 0.5689373,200,40,150,0.66765547,false,0,0,0,0,0,0,0.4,0,0,0,0,0,0,0,0,0,0,1,1,0,1.15,1,600,700,20000,30000,1,0,0,65,40,150,0,0,0
Crowbar_Default,Crowbar,Common,true,true,primary,C_Melee,,true,0,0,0,1,1,1,1,0,0,0,1,300,50,200,0.5008687 0.50231695,300,40,200,0.59434277,false,0,0,0,0,0,0,0.4,0,0,0,0,0,0,0,0,0,0,1,1,0,1.15,1,600,700,20000,30000,1,0,0,60,40,150,0,0,0
Fists,Fists,Common,false,false,primary,C_Melee,,true,0,0,0,1,1,1,1,0,0,0,1,150,35,190,0.3700685 0.36741376 0.5689373,190,35,175,0.66765547,false,0,0,0,0,0,0,0.4,0,0,0,0,0,0,0,0,0,0,1,1,0,1.15,1,600,700,20000,30000,1,0,0,70,40,150,0,0,0
Knife_Default,Knife,Common,true,true,primary,C_Melee,,true,0,0,0,1,1,1,1,0,0,0,1,230,40,180,0.37034652 0.3713241,250,40,180,0.4723234,false,0,0,0,0,0,0,0.4,0,0,0,0,0,0,0,0,0,0,1,1,0,1.15,1,600,700,20000,30000,1,0,0,50,40,150,0,0,0
Ithaca_Short_Default,Lupara Short,Common,true,true,primary,C_Shotgun,AT_SemiAuto,false,80,0.75,0,5,40,1,10,90,900,1700,0.66,260,30,180,0.99688554,260,30,180,0.99688554,true,0.7,1.8,1.8,2.2,2.2,1.4848485,0.5,9.8,12,6.5,8,3,0.85,-2,2.5,9,14,0.7,0.5,1,1,1,4500,5250,20000,30000,10,15,90,75,30,250,700,950,2.2
Machete_Default,Machete,Common,true,true,primary,C_Melee,,true,0,0,0,1,1,1,1,0,0,0,1,300,60,200,0.40604195 0.4018536,300,40,200,0.5019665,false,0,0,0,0,0,0,0.4,0,0,0,0,0,0,0,0,0,0,1,1,0,1.15,1,600,700,20000,30000,1,0,0,65,40,150,0,0,0
Shovel_Default,Shovel,Common,true,true,primary,C_Melee,,true,0,0,0,1,1,1,1,0,0,0,1,400,60,220,0.5008687 0.50231695,400,40,220,0.59434277,false,0,0,0,0,0,0,0.4,0,0,0,0,0,0,0,0,0,0,1,1,0,1.15,1,600,700,20000,30000,1,0,0,60,40,150,0,0,0
SteyrTMP_Default,Sting,Common,true,true,primary,C_SMG,AT_SemiAuto;AT_FullAuto,false,800,0.075,0,20,120,1,1,90,1500,2000,0.66,230,30,180,0.7639756,230,30,180,0.7639756,false,0.2,2,2,2.4,2.4,2.121212,0.5,6.6,12.7,2.2,5.5,1.45,0.5,-0.35,0.35,0.5,0.8,1,0.9,0.55,1,1,5700,6650,20000,30000,1,13.5,99,75,30,250,700,950,2.56
SIGSauer_Default,Swiss,Common,true,true,secondary,C_Pistol,AT_SemiAuto,false,600,0.1,0,8,40,1,1,135,1000,1800,0.66,190,30,150,0.75095403,190,30,150,0.75095403,false,0.2,1.63,1.63,1.83,1.83,1.6969696,0.45,2.8,5.2,1.1,2.6,1,0.2,-0.6,0.6,2,2.5,0.9,0.6,0.5,1.1,1.1,2100,2450,20000,30000,1,14,135,50,30,200,700,950,1.83
Spas12,12 Gauge,Uncommon,true,true,primary,C_Shotgun,AT_SemiAuto,false,130,0.46153846,0,5,40,1,10,75,900,2000,0.66,260,30,180,0.99688554,260,30,180,0.99688554,true,0.7,1.55,1.55,1.9,1.9,1.4848485,0.5,6,10.5,4,7,3,0.8,-1.2,1.6,7,12,0.8,0.5,0.8,0.95,0.95,7500,9000,110000,150000,10,9.230769,75,75,30,250,700,950,2.63
Beretta92_Default,Brescia 92,Uncommon,true,true,secondary,C_Pistol,AT_SemiAuto,false,521.73914,0.115,0,15,45,1,1,165,1000,2000,0.66,190,30,150,0.75095403,190,30,150,0.75095403,false,0.2,1.63,1.63,1.83,1.83,1.6969696,0.45,2.3,4.8,0.9,2.4,1,0.2,-0.45,0.45,1.5,2,0.9,0.6,0.5,1.1,1.1,3500,4200,110000,150000,1,17.25,165,50,30,200,700,950,1.83
FN502_Default,FDE Tactical,Uncommon,true,true,secondary,C_Pistol,AT_SemiAuto,false,700,0.08571429,0,10,40,1,1,155,1000,2200,0.66,190,30,150,0.7493091,190,30,150,0.7493091,false,0.2,1.5,1.5,1.5,1.5,1.6969696,0.45,2,4.4,0.8,2.2,1,0.15,-0.4,0.4,1.35,1.75,0.95,0.6,0.5,1.1,1.1,3500,4200,110000,150000,1,12,155,50,30,200,700,950,1.83
FireExtinguisher_Large,Fire Extinguisher,Uncommon,false,false,primary,C_Pistol,AT_FullAuto,false,600,0.1,1,1,0,0,1,0,30000,50000,0.5,0,0,0,,0,0,0,,false,0.2,1,1,1,1,0,0.4,0.4,4,0.2,2,0.5,0.25,0,0,0,0,1,0.5,0.5,1,1,10000,12000,110000,150000,1,50,100,50,30,150,30000,50000,1
Glock_Default,Glizzy,Uncommon,true,true,secondary,C_Pistol,AT_SemiAuto;AT_FullAuto,false,1000,0.06,0,17,85,1,1,68,1000,1800,0.66,190,30,150,0.7493091,190,30,150,0.7493091,false,0.2,1.63,1.63,1.83,1.83,1.6969696,0.45,3.8,9,1.5,4.5,1,0.4,-0.4,0.4,0.5,0.8,1,0.6,0.5,1.1,1.1,3500,4200,110000,150000,1,8.4,68,50,30,200,700,950,1.83
Glock_RedDot,Glizzy R,Uncommon,true,true,secondary,C_Pistol,AT_SemiAuto;AT_FullAuto,false,1000,0.06,0,17,85,1,1,68,1000,1800,0.66,190,30,150,0.7493091,190,30,150,0.7493091,false,0.2,1.63,1.63,1.83,1.83,1.6969696,0.45,3.8,9,1.3499999,4.0499997,1,0.4,-0.38,0.38,0.475,0.76,1,0.6,0.5,1.1,1.1,3920,4700,110000,150000,1,8.4,68,50,30,200,700,950,1.83
Katana_Default,Katana,Uncommon,true,true,primary,C_Melee,,true,0,0,0,1,1,1,1,0,0,0,1,500,60,200,0.43699285 0.43681765,500,40,200,0.541119,false,0,0,0,0,0,0,0.4,0,0,0,0,0,0,0,0,0,0,1,1,0,1.15,1,1000,1200,110000,150000,1,0,0,70,40,150,0,0,0
TEC9_Default,Kellgern 9,Uncommon,true,true,primary,C_SMG,AT_SemiAuto;AT_FullAuto,false,1000,0.06,0,24,120,1,1,80,1500,2000,0.66,230,30,180,0.74766415,230,30,180,0.74766415,false,0.2,2.4,2.4,3.1,3.1,2.060606,0.45,6,11.5,2,5,1.35,0.5,-0.35,0.35,0.45,0.7,1,0.9,0.5,1,1,9500,11400,110000,150000,1,10.8,88,75,30,250,700,950,3.1
TEC9_Backup,Kellgern 9,Uncommon,false,false,primary,C_SMG,AT_SemiAuto;AT_FullAuto,false,1000,0.06,0,24,144,1,1,80,1875,2500,0.66,230,30,180,0.74766415,230,30,180,0.74766415,false,0.2,2.4,2.4,3.1,3.1,2.060606,0.45,6,11.5,1.7,4.25,1.35,0.5,-0.35,0.35,0.45,0.7,1,0.9,0.5,1,1,9500,11400,110000,150000,1,10.8,88,75,30,250,875,1187.5,3.1
Ithaca_Short_Det,Lupara Detective Short,Uncommon,false,false,primary,C_Shotgun,AT_SemiAuto,false,80,0.75,0,5,40,1,10,90,900,1700,0.66,260,30,180,0.99688554,260,30,180,0.99688554,true,0.7,1.8,1.8,2.2,2.2,1.4848485,0.5,9.8,12,6.5,8,3,0.85,-2,2.5,9,14,0.7,0.5,1,1,1,7500,9000,110000,150000,10,15,90,75,30,250,700,950,2.2
Ithaca_Short_Custom,Lupara Mk. II,Uncommon,true,true,primary,C_Shotgun,AT_SemiAuto,false,80,0.75,0,5,40,1,10,99,944.99994,1784.9999,0.66,260,30,180,0.99688554,260,30,180,0.99688554,true,0.7,1.6199999,1.6199999,1.98,1.98,1.4848485,0.4,8.82,10.799999,5.85,7.2,3,0.85,-2,2.5,9,14,0.7,0.5,1,1,1,7500,9000,110000,150000,10,16.5,99,75,30,250,734.99994,997.49994,1.98
MicroUZI_Default,Micro SMG,Uncommon,true,true,primary,C_SMG,AT_Burst3;AT_FullAuto,false,1250,0.048,0,32,128,1,1,65,1500,2200,0.66,230,30,180,0.74848664,230,30,180,0.74848664,false,0.2,2.4,2.4,2.93,2.93,2.121212,0.5,5.4,10.6,1.8,4.6,1,0.5,-0.25,0.25,0.3,0.5,1,0.9,0.5,1,1,9500,11400,110000,150000,1,8.64,71.5,75,30,250,700,950,2.93
Nails_Bat_Default,Nail bat,Uncommon,true,true,primary,C_Melee,,true,0,0,0,1,1,1,1,0,0,0,1,300,70,200,0.53417885 0.53417885,300,70,200,0.63083917,false,0,0,0,0,0,0,0.4,0,0,0,0,0,0,0,0,0,0,1,1,0,1.15,1,1000,1200,110000,150000,1,0,0,60,40,150,0,0,0
PoliceBaton_Default,Police baton,Uncommon,false,false,primary,C_Melee,,true,0,0,0,1,1,1,1,0,0,0,1,300,40,200,0.40604195 0.4018536,300,40,200,0.5019665,false,0,0,0,0,0,0,0.4,0,0,0,0,0,0,0,0,0,0,1,1,0,1.15,1,1000,1200,110000,150000,1,0,0,40,40,150,0,0,0
Benelli_Default,Practical,Uncommon,true,true,primary,C_Shotgun,AT_SemiAuto,false,200,0.3,0,6,48,1,12,85,1000,2050,0.66,260,30,180,0.9990788,260,30,180,0.9990788,true,0.4,1.45,1.45,1.85,1.85,1.4848485,0.5,6,9,4,6,3,0.6,-0.7,1,6,9,0.85,0.5,0.8,1,1,7500,9000,110000,150000,10,9,85,75,30,250,700,950,2.63
Ithaca_Default,Pump,Uncommon,true,true,primary,C_Shotgun,AT_SemiAuto,false,80,0.75,0,6,42,1,10,95,900,1800,0.66,260,30,180,1.0001755,260,30,180,1.0001755,true,0.7,1.65,1.65,2,2,1.4848485,0.5,8.3,11.3,5.5,7.5,3,0.85,-1.5,2,7,12,0.75,0.5,1,0.95,0.95,7500,9000,110000,150000,10,15,95,75,30,250,700,950,2.2
Ithaca_SWAT,Pump,Uncommon,false,false,primary,C_Shotgun,AT_SemiAuto,false,80,0.75,0,6,42,1,10,128.25,900,1800,0.66,260,30,180,1.0001755,260,30,180,1.0001755,true,0.7,1.65,1.65,2,2,1.4848485,0.5,8.3,11.3,5.5,7.5,3,0.85,-1.5,2,7,12,0.75,0.5,1,0.95,0.95,8250,9900,110000,150000,10,20.25,128.25,75,30,250,700,950,2.2
FamasF1_Default,SAM-AF1,Uncommon,true,true,primary,C_AR,AT_SemiAuto;AT_FullAuto,false,650,0.092307694,0,25,125,1,1,107,2300,4000,0.66,260,30,180,1.0023687,260,30,180,1.0023687,false,0.2,2.1,2.1,2.7,2.7,2.2424242,0.5,3,5.5,0.85,2.2,0.9,0.6,-0.35,0.35,0.8,1.1,0.85,0.6,0.4,0.9,0.9,11000,13200,110000,150000,1,14.769231,117.7,75,30,250,700,950,2.8
SteyrTMP_ExtendedRedDot,Sting ER,Uncommon,true,true,primary,C_SMG,AT_SemiAuto;AT_FullAuto,false,800,0.075,0,30,170,1,1,90,1500,2000,0.66,230,30,180,0.7639756,230,30,180,0.7639756,false,0.2,2.2,2.2,2.64,2.64,2.121212,0.5,6.6,12.7,1.98,4.95,1.45,0.5,-0.33249998,0.33249998,0.475,0.76,1,0.9,0.55,1,1,11600,13900,110000,150000,1,13.5,99,75,30,250,700,950,2.816
SIGSauer_ImprovedII,Swiss E+,Uncommon,true,true,secondary,C_Pistol,AT_SemiAuto,false,600,0.1,0,10,50,1,1,159.29999,1000,1800,0.66,190,30,150,0.75095403,190,30,150,0.75095403,false,0.2,1.793,1.793,2.013,2.013,1.6969696,0.45,2.8,5.2,1.1,2.6,1,0.2,-0.6,0.6,2,2.5,0.9,0.6,0.5,1.1,1.1,3850,4620,110000,150000,1,16.519999,159.29999,50,30,200,700,950,2.013
AK74,Vintovka,Uncommon,true,true,primary,C_AR,AT_FullAuto,false,600,0.1,0,30,150,1,1,105,2300,4000,0.66,260,30,180,0.9990788,260,30,180,0.9990788,false,0.2,2.2,2.2,2.8,2.8,2.090909,0.5,3.5,6.3,1,2.5,0.85,0.6,-0.3,0.35,0.7,1.05,0.85,0.6,0.4,0.9,0.9,11000,13200,110000,150000,1,16,115.5,75,30,250,700,950,2.8
RedhawkAlaskanShort,Bearslayer Short,Rare,true,true,secondary,C_Revolver,AT_SemiAuto,false,240,0.2,0,6,24,1,1,370,1500,2400,0.66,190,30,150,0.74848664,190,30,150,0.74848664,false,0.2,2.25,2.25,2.25,2.25,1.4545455,0.45,3.2,5,0.7,1.65,1,0.28,-0.9,1,4.5,6,0.9,0.5,0.4,1.1,1.1,11000,12100,300000,350000,1,50,370,50,30,200,700,950,2.73
Bohema_Default,Bohema,Rare,true,true,secondary,C_Pistol,AT_SemiAuto;AT_FullAuto,false,850,0.07058824,0,25,125,1,1,85,1000,2000,0.66,190,30,150,0.7493091,190,30,150,0.7493091,false,0.2,1.53,1.53,1.73,1.73,1.6969696,0.45,3.1,7.6,1.25,3.8,1,0.4,-0.4,0.4,0.5,0.8,1,0.6,0.5,1.1,1.1,7000,7700,300000,350000,1,9.882353,85,50,30,200,700,950,1.83
Beretta92_ExtendedRedDot,Brescia 92 ER,Rare,true,true,secondary,C_Pistol,AT_SemiAuto,false,521.73914,0.115,0,20,60,1,1,189.75,1100,2200,0.66,190,30,150,0.75095403,190,30,150,0.75095403,false,0.2,1.63,1.63,1.83,1.83,1.6969696,0.45,2.3,4.8,0.80999994,2.16,1,0.2,-0.42749998,0.42749998,1.425,1.9,0.9,0.6,0.5,1.1,1.1,8890,9780,300000,350000,1,19.8375,189.75,50,30,200,770,1045,1.83
Beretta92_Suppressed,Brescia 92 S,Rare,false,false,secondary,C_Pistol,AT_SemiAuto,true,521.73914,0.115,0,15,45,1,1,189.75,920,1840,0.66,190,30,150,0.75095403,190,30,150,0.75095403,false,0.2,1.63,1.63,1.83,1.83,1.6969696,0.45,2.3,4.8,0.9,2.4,1,0.2,-0.45,0.45,1.5,2,0.9,0.6,0.5,1.1,1.1,7700,8470,300000,350000,1,19.8375,189.75,50,30,200,644,874,1.83
M16_Default,Chopper,Rare,true,true,primary,C_AR,AT_SemiAuto;AT_Burst3,false,700,0.08571429,0.2,20,100,1,1,130,2300,4000,0.66,260,30,180,0.99798214,260,30,180,0.99798214,false,0.2,2.4,2.4,2.7,2.7,2.090909,0.5,2.5,5.3,0.7,2.1,0.7,0.6,-0.25,0.25,0.65,0.9,1,0.75,0.35,0.9,0.9,22000,24200,300000,350000,1,13.714286,143,75,30,250,700,950,2.7
Glock_Suppressed_Extended,Glizzy ES,Rare,true,true,secondary,C_Pistol,AT_SemiAuto;AT_FullAuto,true,1000,0.06,0,25,100,1,1,83.674,900,1620,0.66,190,30,150,0.7493091,190,30,150,0.7493091,false,0.2,1.63,1.63,1.83,1.83,1.6969696,0.45,3.8,9,1.5,4.5,1,0.4,-0.4,0.4,0.5,0.8,1,0.6,0.5,1.1,1.1,8400,9240,300000,350000,1,10.3362,83.674,50,30,200,630,855,1.83
Glock_RedDot_Custom,Glizzy R+,Rare,true,true,secondary,C_Pistol,AT_SemiAuto;AT_FullAuto,false,1050,0.06,0,25,100,1,1,82.10999,1000,1800,0.66,190,30,150,0.7493091,190,30,150,0.7493091,false,0.2,1.63,1.63,1.83,1.83,1.6969696,0.45,3.8,9,1.3499999,4.0499997,1,0.4,-0.38,0.38,0.475,0.76,1,0.6,0.5,1.1,1.1,9240,10200,300000,350000,1,10.142999,82.10999,50,30,200,700,950,1.83
TEC9_Det,Kellgern 9 Detective,Rare,false,false,primary,C_SMG,AT_SemiAuto;AT_FullAuto,true,1250,0.06,0,50,120,1,1,92,1500,2000,0.66,230,30,180,0.74766415,230,30,180,0.74766415,false,0.2,3,3,3.875,3.875,2.060606,0.45,6,11.5,2,5,1.35,0.5,-0.35,0.35,0.45,0.7,1,0.9,0.5,1,1,22800,25100,300000,350000,1,12.42,101.2,75,30,250,700,950,3.875
TEC9_Elite,Kellgern 9 Elite,Rare,false,true,primary,C_SMG,AT_SemiAuto;AT_FullAuto,false,1000,0.06,0,50,200,1,1,92,1650,2200,0.66,230,30,180,0.74766415,230,30,180,0.74766415,false,0.2,2.28,2.28,2.945,2.945,2.060606,0.45,5.1000004,9.775001,1.7,4.25,1.35,0.5,-0.35,0.35,0.45,0.7,1,0.9,0.5,1,1,20900,23000,300000,350000,1,12.42,101.2,75,30,250,770,1045,2.945
TEC9_Suppressed,Kellgern 9 Elite S,Rare,false,true,primary,C_SMG,AT_SemiAuto;AT_FullAuto,true,1000,0.06,0,24,170,1,1,98.44,1485,1980,0.66,230,30,180,0.74766415,230,30,180,0.74766415,false,0.2,2.4,2.4,3.1,3.1,2.060606,0.45,5.1000004,9.775001,1.7,4.25,1.35,0.5,-0.35,0.35,0.45,0.7,1,0.9,0.5,1,1,20900,23000,300000,350000,1,13.2894,108.284004,75,30,250,693,940.5,3.1
Ithaca_Short_CustomII,Lupara Mk. III,Rare,true,true,primary,C_Shotgun,AT_SemiAuto,false,80,0.75,0,6,42,1,10,108.00001,1035,1955,0.66,260,30,180,0.99688554,260,30,180,0.99688554,true,0.7,1.53,1.53,1.8700001,1.8700001,1.4848485,0.4,8.33,10.200001,5.525,6.8,3,0.85,-2,2.5,9,14,0.7,0.5,1,1,1,15000,16500,300000,350000,10,18,108.00001,75,30,250,805,1092.5,1.8700001
MicroUZI_Extended,Micro SMG E,Rare,false,false,primary,C_SMG,AT_Burst3;AT_FullAuto,false,1250,0.048,0,50,200,1,1,65,1500,2200,0.66,230,30,180,0.74848664,230,30,180,0.74848664,false,0.2,2.4,2.4,2.93,2.93,2.121212,0.5,4.86,9.54,1.6199999,4.14,1,0.5,-0.275,0.275,0.33,0.55,1,0.9,0.5,1,1,22800,25100,300000,350000,1,8.64,71.5,75,30,250,700,950,2.93
MicroUZI_Custom,Micro SMG ER,Rare,true,true,primary,C_SMG,AT_Burst3;AT_FullAuto,false,1312.5,0.048,0,50,200,1,1,68.25,1500,2200,0.66,230,30,180,0.74848664,230,30,180,0.74848664,false,0.2,2.4,2.4,2.93,2.93,2.121212,0.5,5.4,10.6,1.6199999,4.14,1,0.5,-0.2375,0.2375,0.285,0.475,1,0.9,0.5,1,1,26000,28600,300000,350000,1,9.072,75.075,75,30,250,700,950,2.93
Galil_Default,Neshek,Rare,false,true,primary,C_AR,AT_SemiAuto;AT_FullAuto,false,920,0.06521739,0,25,125,1,1,85,2000,3800,0.66,260,30,180,1.0034653,260,30,180,1.0034653,false,0.2,2.4,2.4,3,3,2.090909,0.5,2.6,5,0.75,2,0.65,0.6,-0.28,0.28,0.6,0.85,0.9,0.6,0.4,0.9,0.9,22000,24200,300000,350000,1,10.434783,93.5,75,30,250,700,950,3.1
P90_Default,PDW,Rare,true,true,primary,C_SMG,AT_Burst3;AT_FullAuto,false,1100,0.054545455,0,50,200,1,1,105,1500,2200,0.66,230,30,180,0.9990788,230,30,180,0.9990788,false,0.2,2.5,2.5,3,3,1.3636364,0.5,4.5,9.2,1.5,4,1,0.5,-0.2,0.2,0.2,0.4,0.9,0.9,0.4,1,1,19000,20900,300000,350000,1,9.818182,115.5,75,30,250,700,950,3.4
Benelli_SWAT,Practical,Rare,false,false,primary,C_Shotgun,AT_SemiAuto,false,200,0.3,0,6,48,1,12,85,1000,2050,0.66,260,30,180,0.9990788,260,30,180,0.9990788,true,0.4,1.45,1.45,1.85,1.85,1.4848485,0.5,6,9,4,6,3,0.6,-0.7,1,6,9,0.85,0.5,0.8,1,1,15000,16500,300000,350000,10,9,85,75,30,250,700,950,2.63
Benelli_RedDot,Practical R,Rare,true,true,primary,C_Shotgun,AT_SemiAuto,false,200,0.3,0,6,48,1,12,85,1000,2050,0.66,260,30,180,0.9990788,260,30,180,0.9990788,true,0.4,1.45,1.45,1.85,1.85,1.4848485,0.5,6,9,3.6,5.3999996,3,0.6,-0.66499996,0.95,5.7,8.55,0.85,0.5,0.8,1,1,16800,18500,300000,350000,10,9,85,75,30,250,700,950,2.63
Ithaca_Custom,Pump Mk. II,Rare,true,true,primary,C_Shotgun,AT_SemiAuto,false,80,0.75,0,6,42,1,10,114.00001,1035,2070,0.66,260,30,180,1.0001755,260,30,180,1.0001755,true,0.7,1.65,1.65,2,2,1.4848485,0.4,7.0550003,9.6050005,4.675,6.375,3,0.85,-1.5,2,7,12,0.75,0.5,1,0.95,0.95,15000,16500,300000,350000,10,18,114.00001,75,30,250,805,1092.5,2.2
Rufus,Rufus,Rare,true,true,primary,C_Shotgun,AT_SemiAuto,false,120,0.5,0,2,28,1,18,100,900,2100,0.66,260,30,180,1.0001755,260,30,180,1.0001755,false,0.3,3.23,3.23,3.23,3.23,1.5555555,0.5,9,13.5,6,9,3,0.75,-2.5,3,8,12.5,0.8,0.5,0.8,1,1,15000,16500,300000,350000,10,10,100,75,30,250,700,950,2.63
Rufus_Short,Rufus short,Rare,true,true,secondary,C_Shotgun,AT_SemiAuto,false,120,0.5,0,2,12,1,18,100,900,2100,0.66,260,30,180,0.8325657,260,30,180,0.8325657,false,0.3,3,3,3,3,1.5555555,0.5,13.2,16.5,8.8,11,3,0.75,-2,2,7,12,0.8,0.55,1,1.05,1.05,20000,22000,300000,350000,10,10,100,75,30,250,700,950,2.63
FamasF1_Holo,SAM-AF1 H,Rare,true,true,primary,C_AR,AT_SemiAuto;AT_FullAuto,false,650,0.092307694,0,25,150,1,1,112.35,2415,4200,0.66,260,30,180,1.0023687,260,30,180,1.0023687,false,0.2,1.8899999,1.8899999,2.43,2.43,2.2424242,0.5,3,5.5,0.765,1.98,0.9,0.6,-0.315,0.315,0.71999997,0.99,0.85,0.6,0.4,0.9,0.9,24600,27100,300000,350000,1,15.507691,123.58499,75,30,250,734.99994,997.49994,2.52
FamasF1_Reddot,SAM-AF1 R,Rare,true,true,primary,C_AR,AT_SemiAuto;AT_FullAuto,false,650,0.092307694,0,35,175,1,1,112.35,2300,4000,0.66,260,30,180,1.0023687,260,30,180,1.0023687,false,0.2,1.8899999,1.8899999,2.43,2.43,2.2424242,0.5,3,5.5,0.765,1.98,0.9,0.6,-0.33249998,0.33249998,0.76,1.045,0.85,0.6,0.4,0.9,0.9,24600,27100,300000,350000,1,15.507691,123.58499,75,30,250,700,950,2.52
M249_Para_Heavy,SAW Para,Rare,false,false,primary,C_LMG,AT_FullAuto,false,800,0.075,0,30,180,1,1,135,3000,75000,0.66,260,30,180,1.0943571,260,30,180,1.0943571,false,0.2,3.48,2.61,3.48,3.48,2.754386,0.6,2,10.5,0.5,3.5,1,0.6,-0.6,0.6,0.7,1,1,0.5,0.25,0.85,0.85,20000,22000,300000,350000,1,13.5,135,75,30,300,700,950,7.13
FN_FAL_Default,SLR,Rare,false,true,primary,C_AR,AT_SemiAuto,false,600,0.1,0,25,100,1,1,180,3000,75000,0.66,260,30,180,1.0012721,260,30,180,1.0012721,false,0.2,2.34,2.34,2.9699998,2.9699998,2.2121212,0.5,1.5,4.5,0.3,1.5,2,0.35,-0.5,0.6,1.5,2,0.8,0.5,0.25,0.87,0.87,26400,29000,300000,350000,1,16,180,75,30,250,700,950,2.9699998
FN_FAL_Custom,SLR R,Rare,false,true,primary,C_AR,AT_SemiAuto,false,600,0.1,0,20,100,1,1,180,3000,75000,0.66,260,30,180,1.0012721,260,30,180,1.0012721,false,0.2,2.6,2.6,3.3,3.3,2.2121212,0.5,1.5,4.5,0.27,1.3499999,2,0.35,-0.475,0.57,1.425,1.9,0.8,0.5,0.25,0.87,0.87,26900,29600,300000,350000,1,16,180,75,30,250,700,950,3.3
MP5_Default,SMG 9mm,Rare,true,true,primary,C_SMG,AT_SemiAuto;AT_Burst2;AT_FullAuto,false,900,0.06666667,0,30,180,1,1,108,1700,2400,0.66,230,30,180,0.9957889,230,30,180,0.9957889,false,0.2,2.2,2.2,3,3,1.969697,0.5,3.9,9,1.3,3.9,1.25,0.5,-0.15,0.15,0.25,0.6,1,0.9,0.45,1,1,19000,20900,300000,350000,1,12,118.8,75,30,250,700,950,3.1
Scorpion_Default,Scorp,Rare,true,true,primary,C_SMG,AT_SemiAuto;AT_FullAuto,false,850,0.07058824,0,20,140,1,1,120,1600,2200,0.66,230,30,180,0.7501441,230,30,180,0.7501441,false,0.2,2.1,2.1,3.1,3.1,2.060606,0.45,5.1,10.4,1.7,4.5,1.3,0.5,-0.3,0.3,0.55,0.75,1,0.9,0.45,1,1,19000,20900,300000,350000,1,12.705882,132,75,30,250,700,950,3.1
SL8_Default,Slate 36,Rare,true,true,primary,C_AR,AT_SemiAuto,false,550,0.10909091,0,10,100,1,1,220,3000,75000,0.66,260,30,180,1.0012721,260,30,180,1.0012721,false,0.2,2.1,2.1,2.6,2.6,2.2121212,0.5,1.3,4.1,0.25,1.35,2,0.35,-0.8,0.8,1.6,2.2,0.8,0.45,0.25,0.87,0.87,24000,26400,300000,350000,1,17.454546,220,75,30,250,700,950,3.3
SteyrTMP_Elite,Sting Elite O,Rare,true,true,primary,C_SMG,AT_SemiAuto;AT_FullAuto,false,800,0.075,0,35,175,1,1,108.00001,1980.0001,2640,0.66,230,30,180,0.7639756,230,30,180,0.7639756,false,0.2,2.2,2.2,2.64,2.64,2.121212,0.5,5.61,10.795,1.4025002,3.5062501,0.725,0.5,-0.2625,0.2625,0.3,0.48000002,1,0.9,0.55,1,1,23200,25500,300000,350000,1,16.2,118.8,75,30,250,924.00006,1254,2.816
SIGSauer_Improved,Swiss Elite ES,Rare,true,true,secondary,C_Pistol,AT_SemiAuto,true,600,0.1,0,15,45,1,1,170.451,1125,2025,0.66,190,30,150,0.75095403,190,30,150,0.75095403,false,0.2,1.467,1.467,1.647,1.647,1.6969696,0.45,2.52,4.68,0.99,2.34,0.9,0.2,-0.6,0.6,2,2.5,0.9,0.6,0.5,1.1,1.1,8400,9240,300000,350000,1,17.6764,170.451,50,30,200,787.5,1068.75,1.647
M4A1_Default,TIMM 4,Rare,true,true,primary,C_AR,AT_SemiAuto;AT_FullAuto,false,800,0.075,0,30,150,1,1,110,2500,4500,0.66,260,30,180,0.9990788,260,30,180,0.9990788,false,0.2,2.4,2.4,2.7,2.7,2.090909,0.5,2.1,5,0.6,2,0.55,0.6,-0.18,0.21,0.5,0.7,0.9,0.7,0.3,0.95,0.95,22000,24200,300000,350000,1,12,121,75,30,250,700,950,2.7
AK74U_Default,Vintovka U,Rare,true,true,primary,C_AR,AT_SemiAuto;AT_FullAuto,false,730,0.08219178,0,30,150,1,1,117,2500,4500,0.66,260,30,180,0.9990788,260,30,180,0.9990788,false,0.2,2,2,2.6,2.6,2.090909,0.5,2.8,5.6,0.8,2.25,0.6,0.6,-0.25,0.29,0.65,0.9,0.9,0.65,0.35,0.95,0.95,22000,24200,300000,350000,1,13.150685,128.7,75,30,250,700,950,2.8
Ruger_Default,YA-R3K,Rare,true,true,secondary,C_Revolver,AT_SemiAuto,false,300,0.2,0,8,24,1,1,350,1500,2400,0.66,190,30,150,0.74848664,190,30,150,0.74848664,false,0.2,2.6,2.6,2.6,2.6,1.4545455,0.45,2.3,4.5,0.5,1.5,1,0.3,-1,1.2,5,7,0.9,0.4,0.4,1.1,1.1,11000,12100,300000,350000,1,40,350,50,30,200,700,950,2.73
HK_UMP_Default,BU-RP,Epic,true,true,primary,C_SMG,AT_SemiAuto;AT_Burst2,false,1100,0.054545455,0.1,30,180,1,1,135,1700,2400,0.66,230,30,180,1.0031985,230,30,180,1.0031985,false,0.2,2.5,2.5,3,3,1.3636364,0.5,3.6,7.8,1.2,3.4,1,0.5,-0.2,0.2,0.5,0.75,0.9,0.9,0.4,1,1,33300,47500,1150000,1300000,1,9.818182,148.5,75,30,250,700,950,3.4
HK_UMP_Detective,BU-RP E,Epic,false,false,primary,C_SMG,AT_SemiAuto;AT_Burst2,false,1100,0.054545455,0.1,40,180,1,1,135,1700,2400,0.66,230,30,180,1.0031985,230,30,180,1.0031985,false,0.2,2.75,2.75,3.3000002,3.3000002,1.3636364,0.5,3.6,7.8,1.2,3.4,1,0.5,-0.2,0.2,0.5,0.75,0.9,0.9,0.4,1,1,36600,52300,1150000,1300000,1,9.818182,148.5,75,30,250,700,950,3.7400002
HK_UMP_SWAT,BU-RP E,Epic,false,false,primary,C_SMG,AT_SemiAuto;AT_Burst2,false,1100,0.054545455,0.1,30,180,1,1,135,1700,2400,0.66,230,30,180,1.0031985,230,30,180,1.0031985,false,0.2,2.5,2.5,3,3,1.3636364,0.5,3.6,7.8,1.2,3.4,1,0.5,-0.2,0.2,0.5,0.75,0.9,0.9,0.4,1,1,33300,47500,1150000,1300000,1,9.818182,148.5,75,30,250,700,950,3.4
HK_UMP_RedDot,BU-RP R,Epic,false,true,primary,C_SMG,AT_SemiAuto;AT_Burst2,false,1100,0.054545455,0.1,30,180,1,1,135,1700,2400,0.66,230,30,180,1.0031985,230,30,180,1.0031985,false,0.2,2.5,2.5,3,3,1.3636364,0.5,3.6,7.8,1.08,3.06,1,0.5,-0.19,0.19,0.475,0.7125,0.9,0.9,0.4,1,1,38900,55600,1150000,1300000,1,9.818182,148.5,75,30,250,700,950,3.4
Beretta92_RedDotSuppressed,Brescia 92 RS,Epic,true,true,secondary,C_Pistol,AT_SemiAuto,true,521.73914,0.115,0,15,45,1,1,218.2125,1012,2024,0.66,190,30,150,0.75095403,190,30,150,0.75095403,false,0.2,1.63,1.63,1.83,1.83,1.6969696,0.45,2.3,4.8,0.80999994,2.16,1,0.2,-0.42749998,0.42749998,1.425,1.9,0.9,0.6,0.5,1.1,1.1,15600,22200,1150000,1300000,1,22.813124,218.2125,50,30,200,708.4,961.4,1.83
Vamp_Dagger,Ceremonial dagger,Epic,false,false,primary,C_Melee,,true,0,0,0,1,1,1,1,0,0,0,1,350,50,185,0.37034652 0.37327924,350,40,185,0.47123718,false,0,0,0,0,0,0,0.4,0,0,0,0,0,0,0,0,0,0,1,1,0,1.15,1,3500,5000,1150000,1300000,1,0,0,60,40,150,0,0,0
Winchester_Default,Chase’s Rifle,Epic,false,false,primary,C_DMR,AT_SemiAuto,false,300,0.2,0,6,30,1,1,450,3000,75000,0.66,260,30,180,1.0012721,260,30,180,1.0012721,true,0.4,1.5,1.5,1.76,1.76,1.5151515,0.5,1.5,2,0.3,0.5,2,0.35,-1.5,1.2,1.5,2.5,0.2,0.4,0.25,0.9,0.9,42000,60000,1150000,1300000,1,32,450,75,30,250,700,950,1.76
M16_Extended100_Default,Chopper E,Epic,false,false,primary,C_AR,AT_SemiAuto;AT_Burst3,false,700,0.08571429,0.2,100,200,1,1,130,2300,4000,0.66,260,30,180,0.99798214,260,30,180,0.99798214,false,0.2,3.2400002,3.2400002,3.6450002,3.6450002,2.090909,0.5,2.5,5.3,0.7,2.1,0.7,0.6,-0.25,0.25,0.65,0.9,1,0.75,0.35,0.9,0.9,42400,60500,1150000,1300000,1,13.714286,143,75,30,250,700,950,3.6450002
M16_CustomII,Chopper EGH,Epic,true,true,primary,C_AR,AT_SemiAuto;AT_Burst3,false,700,0.08571429,0.2,100,200,1,1,130,2415,4200,0.66,260,30,180,0.99798214,260,30,180,0.99798214,false,0.2,3.2400002,3.2400002,3.6450002,3.6450002,2.090909,0.4,2.5,5.3,0.63,1.8899999,0.7,0.6,-0.16874999,0.16874999,0.43874997,0.60749996,1,0.75,0.2625,0.9,0.9,50800,72600,1150000,1300000,1,13.714286,143,75,30,250,734.99994,997.49994,3.6450002
M16_CustomIII,Chopper EOG,Epic,false,true,primary,C_AR,AT_SemiAuto;AT_Burst3,false,700,0.08571429,0.2,30,100,1,1,141.7,2760,4800,0.66,260,30,180,0.99798214,260,30,180,0.99798214,false,0.2,2.52,2.52,2.835,2.835,2.090909,0.45,1.875,3.9750001,0.525,1.5749999,0.63,0.6,-0.14875,0.14875,0.27625,0.3825,1,0.75,0.35,0.9,0.9,50800,72600,1150000,1300000,1,14.948572,155.87001,75,30,250,840.00006,1140,2.835
M16_Custom,Chopper R+,Epic,true,true,primary,C_AR,AT_SemiAuto;AT_Burst3,false,700,0.08571429,0.2,30,120,1,1,141.7,2300,4000,0.66,260,30,180,0.99798214,260,30,180,0.99798214,false,0.2,2.28,2.28,2.565,2.565,2.090909,0.5,2.5,5.3,0.63,1.8899999,0.7,0.6,-0.2375,0.2375,0.61749995,0.85499996,1,0.75,0.35,0.9,0.9,48900,69900,1150000,1300000,1,14.948572,155.87001,75,30,250,700,950,2.565
DesertEagle,DE 44,Epic,true,true,secondary,C_Revolver,AT_SemiAuto,false,260.86957,0.23,0,10,30,1,1,330,1300,2400,0.66,190,30,150,0.750954,190,30,150,0.750954,false,0.2,1.63,1.63,1.83,1.83,1.6969696,0.45,1.8,4,0.7,2,1,0.4,-0.8,0.8,3,4.5,0.8,0.5,0.6,1.05,1.05,19300,27500,1150000,1300000,1,34.5,330,50,30,200,700,950,2
Glock_Suppressed,Glizzy ES,Epic,false,false,secondary,C_Pistol,AT_SemiAuto;AT_FullAuto,true,1000,0.06,0,25,100,1,1,72.76,900,1620,0.66,190,30,150,0.7493091,190,30,150,0.7493091,false,0.2,1.5485,1.5485,1.7385,1.7385,1.6969696,0.45,3.8,9,1.5,4.5,1,0.4,-0.4,0.4,0.5,0.8,1,0.6,0.5,1.1,1.1,14700,21000,1150000,1300000,1,8.988,72.76,50,30,200,630,855,1.7385
Perun_Default,Hand Cannon,Epic,true,true,secondary,C_Revolver,AT_FullAuto,false,330,0.18181819,0,20,60,1,1,250,1500,2400,0.66,190,30,150,0.736286,190,30,150,0.736286,false,0.2,2.56,2.56,2.56,2.56,1.5757575,0.45,1.1,6,0.25,2,2,0.4,-0.5,0.5,2,3,0.8,0.4,0.5,1.1,1.1,19300,27500,1150000,1300000,1,36.363636,250,50,30,200,700,950,2.56
Mossberg_Jupiter,Jupiter’s SPX,Epic,false,false,primary,C_Shotgun,AT_SemiAuto,false,85,0.7058824,0,7,48,1,12,115,1155,2257.5,0.66,260,30,180,0.9994512,260,30,180,0.9994512,true,0.7,1.3,1.3,1.5,1.5,1.4848485,0.5,6,9,3.6,5.3999996,3,0.85,-1.8,2.25,8.099999,11.7,0.85,0.5,0.8,1,1,39200,56000,1150000,1300000,10,14.117647,115,75,30,250,734.99994,997.49994,2.2
M60_HeisterBak,Machinegun,Epic,true,true,primary,C_LMG,AT_FullAuto,false,700,0.08571429,0,100,200,1,1,150,3000,75000,0.66,150,30,180,1.0943571,150,30,180,1.0943571,false,0.2,7,7,7,7,2.2424242,0.6,3,15,0.75,5,1.25,0.4,-0.45,0.45,0.65,0.9,1,0.5,0.25,0.8,0.8,35000,50000,1150000,1300000,1,13.714286,150,50,30,300,700,950,7.13
MicroUZI_CustomII,Micro SMG EORF,Epic,false,true,primary,C_SMG,AT_Burst3;AT_FullAuto,false,1250,0.048,0,40,192,1,1,78,1980.0001,2904,0.66,230,30,180,0.74848664,230,30,180,0.74848664,false,0.2,2.0400002,2.0400002,2.4905002,2.4905002,2.121212,0.5,4.86,9.54,1.2149999,3.1049998,0.5,0.5,-0.20625001,0.20625001,0.24750002,0.41250002,1,0.9,0.5,1,1,45600,65100,1150000,1300000,1,10.368001,85.8,75,30,250,924.00006,1254,2.4905002
MicroUZI_Suppressed,Micro SMG ERS,Epic,false,true,primary,C_SMG,AT_Burst3;AT_FullAuto,true,1250,0.048,0,40,192,1,1,83.46001,1485,2178,0.66,230,30,180,0.74848664,230,30,180,0.74848664,false,0.2,2.0400002,2.0400002,2.4905002,2.4905002,2.121212,0.5,5.4,10.6,1.6199999,4.14,1,0.5,-0.2375,0.2375,0.285,0.475,1,0.9,0.5,1,1,45600,65100,1150000,1300000,1,11.093761,91.80601,75,30,250,693,940.5,2.4905002
MicroUZI_Det,Micro SMG ES,Epic,false,false,primary,C_SMG,AT_Burst3;AT_FullAuto,true,1500,0.048,0,50,200,1,1,65,1500,2200,0.66,230,30,180,0.74848664,230,30,180,0.74848664,false,0.2,2.4,2.4,2.93,2.93,2.121212,0.5,4.59,9.01,1.53,3.91,0.85,0.5,-0.2125,0.2125,0.25500003,0.425,1,0.9,0.5,1,1,39900,57000,1150000,1300000,1,8.64,71.5,75,30,250,700,950,2.93
AK74U_Mozart,Mozart’s Vintovka U,Epic,false,false,primary,C_AR,AT_SemiAuto;AT_FullAuto,true,730,0.08219178,0,30,150,1,1,125.19,2700,4860,0.66,260,30,180,0.9990788,260,30,180,0.9990788,false,0.2,2,2,2.6,2.6,2.090909,0.5,2.8,5.6,0.6,1.6875,0.6,0.6,-0.175,0.203,0.45499998,0.63,0.9,0.65,0.35,0.95,0.95,48900,69900,1150000,1300000,1,14.071234,137.709,75,30,250,756,1026,2.8
P90_Holo,PDW H,Epic,true,true,primary,C_SMG,AT_Burst3;AT_FullAuto,false,1100,0.054545455,0,50,200,1,1,105,1574.9999,2310,0.66,230,30,180,0.9990788,230,30,180,0.9990788,false,0.2,2.5,2.5,3,3,1.3636364,0.5,4.5,9.2,1.3499999,3.6,1,0.5,-0.17999999,0.17999999,0.17999999,0.35999998,0.9,0.9,0.4,1,1,37200,53200,1150000,1300000,1,9.818182,115.5,75,30,250,734.99994,997.49994,3.4
P90_Scope,PDW O,Epic,true,true,primary,C_SMG,AT_Burst3;AT_FullAuto,false,1100,0.054545455,0,50,200,1,1,105,1800.0001,2640,0.66,230,30,180,0.9990788,230,30,180,0.9990788,false,0.2,2.5,2.5,3,3,1.3636364,0.5,4.5,9.2,1.125,3,0.5,0.5,-0.15,0.15,0.15,0.3,0.9,0.9,0.4,1,1,37200,53200,1150000,1300000,1,9.818182,115.5,75,30,250,840.00006,1140,3.4
P90_Reddot,PDW R,Epic,true,true,primary,C_SMG,AT_Burst3;AT_FullAuto,false,1100,0.054545455,0,50,200,1,1,105,1500,2200,0.66,230,30,180,0.9990788,230,30,180,0.9990788,false,0.2,2.5,2.5,3,3,1.3636364,0.5,4.5,9.2,1.3499999,3.6,1,0.5,-0.19,0.19,0.19,0.38,0.9,0.9,0.4,1,1,37200,53200,1150000,1300000,1,9.818182,115.5,75,30,250,700,950,3.4
TaurusPT22_Default,PT 22,Epic,false,false,secondary,C_Pistol,AT_SemiAuto,true,800,0.075,0,6,36,1,1,107.00001,900,1620,0.66,190,30,150,0.7336324,190,30,150,0.7336324,false,0.2,1.53,1.53,2.03,2.03,1.6969696,0.495,2.5,4,1,2,1,0.2,-0.4,0.4,2,3,0.8,0.6,0.45,1.1,1.1,13500,19300,1150000,1300000,1,11.235001,107.00001,50,30,200,630,855,2.03
Benelli_Detective,Practical Detective,Epic,false,false,primary,C_Shotgun,AT_SemiAuto,false,300,0.3,0,6,48,1,12,127.5,1000,2050,0.66,260,30,180,0.9990788,260,30,180,0.9990788,true,0.4,1.45,1.45,1.85,1.85,1.4848485,0.5,6,9,4,6,3,0.6,-0.7,1,6,9,0.85,0.5,0.8,1,1,28900,41300,1150000,1300000,10,13.5,127.5,75,30,250,700,950,2.63
Benelli_Holo,Practical H,Epic,false,true,primary,C_Shotgun,AT_SemiAuto,false,200,0.3,0,6,48,1,12,85,1102.5,2260.125,0.66,260,30,180,0.9990788,260,30,180,0.9990788,true,0.4,1.45,1.45,1.85,1.85,1.4848485,0.5,4.5,6.75,2.6999998,4.0499997,3,0.6,-0.63,0.9,5.3999996,8.099999,0.85,0.5,0.8,1,1,32000,45800,1150000,1300000,10,9,85,75,30,250,771.7499,1047.3749,2.63
M249_Para_Player,Reaper’s Saw,Epic,true,true,primary,C_LMG,AT_FullAuto,false,800,0.075,0,100,200,1,1,135,3000,75000,0.66,260,30,180,1.0943571,260,30,180,1.0943571,false,0.2,7.13,7.13,7.13,7.13,2.2424242,0.6,2,10.5,0.5,3.5,1,0.6,-0.6,0.6,0.7,1,1,0.6,0.25,0.8,0.8,35000,50000,1150000,1300000,1,12,135,75,30,300,700,950,7.13
HK_UMP_Runaway,Runaway’s BU-RP,Epic,false,false,primary,C_SMG,AT_SemiAuto;AT_Burst2,false,1100,0.054545455,0.1,40,180,1,1,135,1784.9999,2520,0.66,230,30,180,1.0031985,230,30,180,1.0031985,false,0.2,2.75,2.75,3.3000002,3.3000002,1.3636364,0.5,3.6,7.8,1.08,3.06,1,0.5,-0.17999999,0.17999999,0.45,0.67499995,0.9,0.9,0.4,1,1,42200,60300,1150000,1300000,1,9.818182,148.5,75,30,250,734.99994,997.49994,3.7400002
M249_Para_Player_Scope,SAW Para O,Epic,true,true,primary,C_LMG,AT_FullAuto,false,800,0.075,0,100,200,1,1,135,3600.0002,90000,0.66,260,30,180,1.0943571,260,30,180,1.0943571,false,0.2,7.13,7.13,7.13,7.13,2.2424242,0.6,2,10.5,0.375,2.625,1,0.6,-0.3,0.3,0.35,0.5,1,0.6,0.25,0.8,0.8,39200,56000,1150000,1300000,1,12,135,75,30,300,840.00006,1140,7.13
FN_FAL_CustomII,SLR HG Elite,Epic,false,true,primary,C_AR,AT_SemiAuto,false,660,0.1,0,20,100,1,1,216.00002,3149.9998,78750,0.66,260,30,180,1.0012721,260,30,180,1.0012721,false,0.2,2.6,2.6,3.3,3.3,2.2121212,0.45,1.125,3.375,0.27,1.3499999,1.8,0.35,-0.3825,0.45900002,1.1474999,1.53,0.8,0.5,0.25,0.87,0.87,49100,70200,1150000,1300000,1,19.2,216.00002,75,30,250,734.99994,997.49994,3.3
MP5_SWAT,SMG 9mm,Epic,false,false,primary,C_SMG,AT_SemiAuto;AT_Burst2;AT_FullAuto,false,900,0.06666667,0,30,180,1,1,108,1700,2400,0.66,230,30,180,0.9957889,230,30,180,0.9957889,false,0.2,1.7600001,1.7600001,2.4,2.4,1.969697,0.5,3.9,9,1.3,3.9,1.25,0.5,-0.15,0.15,0.25,0.6,1,0.9,0.45,1,1,36600,52300,1150000,1300000,1,12,118.8,75,30,250,700,950,2.48
MP5_Det,SMG 9mm Detective,Epic,false,false,primary,C_SMG,AT_SemiAuto;AT_Burst2;AT_FullAuto,false,1215,0.06666667,0,40,230,1,1,145.8,1700,2400,0.66,230,30,180,0.9957889,230,30,180,0.9957889,false,0.2,2.42,2.42,3.3000002,3.3000002,1.969697,0.5,3.9,9,1.3,3.9,1.25,0.5,-0.15,0.15,0.25,0.6,1,0.9,0.45,1,1,39900,57000,1150000,1300000,1,16.2,160.38,75,30,250,700,950,3.41
MP5_RedDot,SMG 9mm ERG,Epic,true,true,primary,C_SMG,AT_SemiAuto;AT_Burst2;AT_FullAuto,false,944.99994,0.06666667,0,35,205,1,1,113.399994,1700,2400,0.66,230,30,180,0.9957889,230,30,180,0.9957889,false,0.2,1.98,1.98,2.6999998,2.6999998,1.969697,0.45,3.9,9,1.17,3.51,1.25,0.5,-0.114,0.114,0.19,0.456,1,0.9,0.3825,1,1,45600,65100,1150000,1300000,1,12.599999,124.74,75,30,250,700,950,2.7899997
Mossberg_Default,SPX,Epic,true,true,primary,C_Shotgun,AT_SemiAuto,false,85,0.7058824,0,7,48,1,12,115,1100,2150,0.66,260,30,180,0.9994512,260,30,180,0.9994512,true,0.7,1.3,1.3,1.5,1.5,1.4848485,0.5,6,9,4,6,3,0.85,-2,2.5,9,13,0.85,0.5,0.8,1,1,35000,50000,1150000,1300000,10,14.117647,115,75,30,250,700,950,2.2
M14,Scout 14,Epic,false,true,primary,C_DMR,AT_SemiAuto,false,200,0.3,0,20,40,1,1,370,3200,75000,0.66,150,30,180,0.9984112,150,30,180,0.9984112,false,0.2,2.23,2.23,2.83,2.83,2.090909,0.5,1.5,1.8,0.3,0.6,2,0.35,-1.5,1.5,4,6,0.6,0.3,0.2,0.9,0.9,46200,66000,1150000,1300000,1,48,370,45,30,250,700,950,2.83
Steyr_AUG_Default,Sturm GWR,Epic,true,true,primary,C_AR,AT_SemiAuto;AT_Burst3,false,850,0.07058824,0.15,30,150,1,1,140,2760,4800,0.66,260,30,180,1.0023687,260,30,180,1.0023687,false,0.2,2.4,2.4,3.3,3.3,2.090909,0.5,1.6,4,0.33749998,1.2,0.6,0.6,-0.126,0.126,0.385,0.525,1,0.85,0.3,0.95,0.95,43100,61600,1150000,1300000,1,11.294118,154,75,30,250,840.00006,1140,3.4
M4A1_CustomII,TIMM 4 EH,Epic,true,true,primary,C_AR,AT_SemiAuto;AT_FullAuto,false,800,0.075,0,40,150,1,1,110,2625,4725,0.66,260,30,180,0.9990788,260,30,180,0.9990788,false,0.2,2.0400002,2.0400002,2.295,2.295,2.090909,0.5,2.1,5,0.54,1.8,0.55,0.6,-0.162,0.189,0.45,0.63,0.9,0.7,0.3,0.95,0.95,47000,67100,1150000,1300000,1,12,121,75,30,250,734.99994,997.49994,2.295
M4A1_SWAT,TIMM 4 EHM,Epic,false,false,primary,C_AR,AT_SemiAuto;AT_FullAuto,false,839.99994,0.075,0,30,150,1,1,115.49999,2500,4500,0.66,260,30,180,0.9990788,260,30,180,0.9990788,false,0.2,2.4,2.4,2.7,2.7,2.090909,0.5,2.1,5,0.54,1.8,0.55,0.6,-0.171,0.1995,0.475,0.66499996,0.9,0.7,0.3,0.95,0.95,50800,72600,1150000,1300000,1,12.599999,127.049995,75,30,250,700,950,2.7
Ranger_Knife,Tactical knife,Epic,false,false,primary,C_Melee,,true,0,0,0,1,1,1,1,0,0,0,1,350,50,185,0.37034652 0.37034652,350,40,185,0.4679786,false,0,0,0,0,0,0,0.4,0,0,0,0,0,0,0,0,0,0,1,1,0,1.15,1,3500,5000,1150000,1300000,1,0,0,60,40,150,0,0,0
MicroUZI_Theresa,Theresa’s SMG,Epic,false,false,primary,C_SMG,AT_Burst3;AT_FullAuto,true,1250,0.048,0,50,232,1,1,83.46001,1559.2499,2286.9001,0.66,230,30,180,0.74848664,230,30,180,0.74848664,false,0.2,2.4,2.4,2.93,2.93,2.121212,0.5,5.4,10.6,1.6199999,4.14,1,0.5,-0.225,0.225,0.27,0.45,1,0.9,0.5,1,1,45600,65100,1150000,1300000,1,11.093761,91.80601,75,30,250,727.65,987.52496,2.93
StreetSweeper,Urban Striker,Epic,true,true,primary,C_Shotgun,AT_SemiAuto,false,160,0.375,0,8,42,1,12,105,1000,2100,0.66,260,30,180,0.9990788,260,30,180,0.9990788,true,0.7,1.3,1.3,1.3,1.3,1,0.5,7.5,12,5,8,3,0.75,-1,1.2,6,10,0.9,0.5,0.8,1,1,26300,37500,1150000,1300000,10,7.5,105,75,30,250,700,950,2.63
AK74U_Holo,Vintovka U EH,Epic,true,true,primary,C_AR,AT_SemiAuto;AT_FullAuto,false,766.49994,0.08219178,0,40,160,1,1,122.84999,2625,4725,0.66,260,30,180,0.9990788,260,30,180,0.9990788,false,0.2,1.5,1.5,1.9499999,1.9499999,2.090909,0.5,2.8,5.6,0.71999997,2.0249999,0.6,0.6,-0.225,0.26099998,0.585,0.80999994,0.9,0.65,0.35,0.95,0.95,50800,72600,1150000,1300000,1,13.808219,135.135,75,30,250,734.99994,997.49994,2.1
AK74U_Suppressed,Vintovka U RS,Epic,true,true,primary,C_AR,AT_SemiAuto;AT_FullAuto,true,730,0.08219178,0,40,160,1,1,125.19,2250,4050,0.66,260,30,180,0.9990788,260,30,180,0.9990788,false,0.2,1.5,1.5,1.9499999,1.9499999,2.090909,0.5,2.8,5.6,0.71999997,2.0249999,0.6,0.6,-0.2375,0.2755,0.61749995,0.85499996,0.9,0.65,0.35,0.95,0.95,50800,72600,1150000,1300000,1,14.071234,137.709,75,30,250,630,855,2.1
ColtPython_Default,357 BOA,Legendary,false,true,secondary,C_Revolver,AT_SemiAuto,false,260,0.23076923,0,6,30,1,1,400,1500,2400,0.66,190,30,150,0.74848664,190,30,150,0.74848664,false,0.2,2.65,2.65,2.65,2.65,1.4545455,0.45,1.8,4.2,0.4,1.4,1,0.35,-1.2,1.4,5.5,6,0.9,0.5,0.4,1.1,1.1,30300,38500,3500000,3900000,1,46.153847,400,50,30,200,700,950,2.73
HK_UMP_Scope,BU-RP R,Legendary,true,true,primary,C_SMG,AT_SemiAuto;AT_Burst2,false,1100,0.054545455,0.1,40,180,1,1,135,2040.0001,2880,0.66,230,30,180,1.0031985,230,30,180,1.0031985,false,0.2,2.75,2.75,3.3000002,3.3000002,1.3636364,0.5,3.6,7.8,0.90000004,2.5500002,0.5,0.5,-0.15,0.15,0.375,0.5625,0.9,0.9,0.4,1,1,66400,84500,3500000,3900000,1,9.818182,148.5,75,30,250,840.00006,1140,3.7400002
Baker_Winchester,Baker’s Repeater,Legendary,true,false,primary,C_DMR,AT_SemiAuto,false,300,0.2,0,8,32,1,1,450,3000,75000,0.66,260,30,180,1.0012721,260,30,180,1.0012721,true,0.4,1.4,1.4,1.65,1.65,1.5151515,0.5,1.5,2,0.3,0.5,2,0.35,-1.4,1.4,1.5,2.5,0.2,0.4,0.25,0.9,0.9,66000,84000,3500000,3900000,1,32,450,75,30,250,700,950,1.76
Baker_Alaskan,Bearslayer,Legendary,true,false,secondary,C_Revolver,AT_SemiAuto,false,300,0.2,0,6,30,1,1,380,1500,2400,0.66,190,30,150,0.74848664,190,30,150,0.74848664,false,0.2,2.5,2.5,2.5,2.5,1.4545455,0.45,1.4,3.9,0.3,1.3,1,0.3,-0.95,1.3,5,6.6,0.8,0.5,0.4,1.1,1.1,30300,38500,3500000,3900000,1,40,380,50,30,200,700,950,2.73
M16_Cracker,Cracker’s Chopper,Legendary,false,false,primary,C_AR,AT_SemiAuto;AT_Burst3,false,700,0.08571429,0.2,100,200,1,1,141.7,2760,4800,0.66,260,30,180,0.99798214,260,30,180,0.99798214,false,0.2,3.2400002,3.2400002,3.6450002,3.6450002,2.090909,0.4,2.5,5.3,0.525,1.5749999,0.7,0.6,-0.13125,0.13125,0.24374999,0.33749998,1,0.75,0.2625,0.9,0.9,79900,102000,3500000,3900000,1,14.948572,155.87001,75,30,250,840.00006,1140,3.6450002
MotherGun_Default,Mother’s Gun,Legendary,false,false,secondary,C_Revolver,AT_SemiAuto,false,260.86957,0.23,0,12,36,1,1,350,1300,2400,0.66,190,30,150,0.7427521,190,30,150,0.7427521,false,0.2,1.63,1.63,1.83,1.83,1.6969696,0.45,1.8,4,0.7,2,1,0.4,-0.8,0.8,3,4.5,0.8,0.5,0.5,1.05,1.05,30300,38500,3500000,3900000,1,34.5,350,50,30,200,700,950,2
Benelli_Tuna,Practical Elite,Legendary,false,true,primary,C_Shotgun,AT_SemiAuto,false,200,0.3,0,6,48,1,12,85,1260,2583,0.66,260,30,180,0.9990788,260,30,180,0.9990788,true,0.4,1.45,1.45,1.85,1.85,1.4848485,0.5,4.5,6.75,2.5500002,3.8250003,3,0.6,-0.525,0.75,4.8,7.2000003,0.85,0.5,0.8,1,1,50300,64100,3500000,3900000,10,9,85,75,30,250,882,1197,2.63
Ranger_M60,Ranger’s MG,Legendary,false,false,primary,C_LMG,AT_FullAuto,false,700,0.08571429,0,100,200,1,1,150,3000,75000,0.66,150,30,180,1.0943571,150,30,180,1.0943571,false,0.2,7,7,7,7,2.2424242,0.6,3,15,0.75,5,1.25,0.4,-0.45,0.45,0.65,0.9,1,0.5,0.25,0.8,0.8,55000,70000,3500000,3900000,1,13.714286,150,50,30,300,700,950,7.13
Baker_Winchester_Generic,Repeater,Legendary,false,true,primary,C_DMR,AT_SemiAuto,false,300,0.2,0,8,32,1,1,450,3000,75000,0.66,260,30,180,1.0012721,260,30,180,1.0012721,true,0.4,1.4,1.4,1.65,1.65,1.5151515,0.5,1.5,2,0.3,0.5,2,0.35,-1.4,1.4,1.5,2.5,0.2,0.4,0.25,0.9,0.9,66000,84000,3500000,3900000,1,32,450,75,30,250,700,950,1.76
FN_FAL_CustomIII,SLR EOG Elite,Legendary,false,true,primary,C_AR,AT_SemiAuto,false,660,0.1,0,30,120,1,1,216.00002,3600.0002,90000,0.66,260,30,180,1.0012721,260,30,180,1.0012721,false,0.2,2.6,2.6,3.3,3.3,2.2121212,0.45,1.5,4.5,0.22500001,1.125,2,0.35,-0.14,0.168,0.42000002,0.56,0.8,0.5,0.2125,0.87,0.87,83800,107000,3500000,3900000,1,19.2,216.00002,75,30,250,840.00006,1140,3.3
MP5_Thunderbolt,SMG 9mm EGHS,Legendary,true,true,primary,C_SMG,AT_SemiAuto;AT_Burst2;AT_FullAuto,false,944.99994,0.06666667,0,40,230,1,1,117.93599,1784.9999,2520,0.66,230,30,180,0.9957889,230,30,180,0.9957889,false,0.2,0,0,0,0,1.969697,0.45,2.9250002,6.75,1.17,3.51,1.125,0.5,-0.114750005,0.114750005,0.19125,0.45900002,1,0.9,0.45,1,1,71600,91100,3500000,3900000,1,13.103999,129.7296,75,30,250,734.99994,997.49994,0
MP5_Suppressed,SMG 9mm ESOG,Legendary,true,true,primary,C_SMG,AT_SemiAuto;AT_Burst2;AT_FullAuto,true,900,0.06666667,0,35,205,1,1,115.560005,1836.0001,2592,0.66,230,30,180,0.9957889,230,30,180,0.9957889,false,0.2,1.98,1.98,2.6999998,2.6999998,1.969697,0.4,3.9,9,0.97499996,2.9250002,0.625,0.5,-0.084375,0.084375,0.140625,0.3375,1,0.9,0.33749998,1,1,71600,91100,3500000,3900000,1,12.84,127.11601,75,30,250,756,1026,2.7899997
Mossberg_Scope,SPX O,Legendary,true,true,primary,C_Shotgun,AT_SemiAuto,false,85,0.7058824,0,7,48,1,12,115,1320,2580,0.66,260,30,180,0.9994512,260,30,180,0.9994512,true,0.7,1.3,1.3,1.5,1.5,1.4848485,0.5,6,9,3.4,5.1000004,3,0.85,-1.5,1.875,6.75,9.75,0.85,0.5,0.8,1,1,61600,78400,3500000,3900000,10,14.117647,115,75,30,250,840.00006,1140,2.2
Scorpion_Blossom,Scorp,Legendary,false,true,primary,C_SMG,AT_SemiAuto;AT_FullAuto,false,850,0.07058824,0,32,160,1,1,138,1760,2420,0.66,230,30,180,0.7501441,230,30,180,0.7501441,false,0.2,1.9949999,1.9949999,2.945,2.945,2.060606,0.40499997,4.5899997,9.36,1.53,4.0499997,1.17,0.5,-0.3,0.3,0.55,0.75,1,0.9,0.45,1,1,52300,66500,3500000,3900000,1,14.611764,151.8,75,30,250,770,1045,2.945
MP5_Silver,Silver’s SMG,Legendary,false,false,primary,C_SMG,AT_SemiAuto;AT_Burst2;AT_FullAuto,false,900,0.06666667,0,40,230,1,1,108,2040.0001,2880,0.66,230,30,180,0.9957889,230,30,180,0.9957889,false,0.2,2.42,2.42,3.3000002,3.3000002,1.969697,0.4,3.51,8.099999,0.87749994,2.6325,0.625,0.5,-0.084375,0.084375,0.140625,0.3375,1,0.9,0.33749998,1,1,71600,91100,3500000,3900000,1,12,118.8,75,30,250,840.00006,1140,3.41
Sniper,Sniper Rifle,Legendary,true,true,primary,C_Sniper,AT_SemiAuto,false,54,1.1111112,0,5,30,1,1,750,6000,18000,0.66,260,30,180,1.003027,260,30,180,1.003027,false,0.5,3.1,3.1,4.16,4.16,2.7272727,0.5,0.5,0.5,0.0075,0.0075,2,0.35,-1.24,1.24,7.44,7.44,0.8,0.5,0.2,0.9,0.9,61600,78400,3500000,3900000,1,77.77778,750,75,30,250,5400,24000,4.16
Steyr_AUG_Custom,Sturm GWR E,Legendary,true,true,primary,C_AR,AT_SemiAuto;AT_Burst3,false,892.49994,0.07058824,0.15,55,165,1,1,151.20001,2760,4800,0.66,260,30,180,1.0023687,260,30,180,1.0023687,false,0.2,2.4,2.4,3.3,3.3,2.090909,0.5,1.6,4,0.33749998,1.2,0.6,0.6,-0.126,0.126,0.385,0.525,1,0.85,0.3,0.95,0.95,73800,93900,3500000,3900000,1,12.197648,166.32,75,30,250,840.00006,1140,3.4
Steyr_AUG_SWAT,Sturm GWR E,Legendary,false,false,primary,C_AR,AT_SemiAuto;AT_Burst3,false,850,0.07058824,0.15,45,150,1,1,140,2760,4800,0.66,260,30,180,1.0023687,260,30,180,1.0023687,false,0.2,2.28,2.28,3.135,3.135,2.090909,0.5,1.6,4,0.33749998,1.2,0.6,0.6,-0.126,0.126,0.385,0.525,1,0.85,0.3,0.95,0.95,73800,93900,3500000,3900000,1,11.294118,154,75,30,250,840.00006,1140,3.23
M4A1_Suppressed,TIMM 4 EOSG,Legendary,true,true,primary,C_AR,AT_SemiAuto;AT_FullAuto,true,800,0.075,0,40,150,1,1,117.700005,2700,4860,0.66,260,30,180,0.9990788,260,30,180,0.9990788,false,0.2,2.0400002,2.0400002,2.295,2.295,2.090909,0.4,2.1,5,0.45000002,1.5,0.55,0.6,-0.094500005,0.110249996,0.2625,0.36749998,0.9,0.7,0.22500001,0.95,0.95,82900,105000,3500000,3900000,1,12.84,129.47,75,30,250,756,1026,2.295
M4A1_Custom,TIMM 4 ERCG,Legendary,true,true,primary,C_AR,AT_SemiAuto;AT_FullAuto,false,839.99994,0.075,0,50,150,1,1,115.49999,2500,4500,0.66,260,30,180,0.9990788,260,30,180,0.9990788,false,0.2,2.64,2.64,2.97,2.97,2.090909,0.45,1.5749999,3.75,0.54,1.8,0.495,0.6,-0.14535001,0.16957499,0.40375,0.56525004,0.9,0.7,0.3,0.95,0.95,82900,105000,3500000,3900000,1,12.599999,127.049995,75,30,250,700,950,2.97
M60_Touchdown,Touchdown’s MG,Legendary,false,false,primary,C_LMG,AT_FullAuto,false,770,0.08571429,0,130,500,1,1,165,3000,75000,0.66,150,30,180,1.0943571,150,30,180,1.0943571,false,0.2,5.6,5.6,5.6,5.6,2.2424242,0.6,2.4,12,0.6,4,1.25,0.4,-0.40499997,0.40499997,0.585,0.80999994,1,0.5,0.225,0.8,0.8,55000,70000,3500000,3900000,1,15.085714,165,50,30,300,700,950,5.704
M60_TouchdownII,Touchdown’s MG,Legendary,false,false,primary,C_LMG,AT_FullAuto,false,770,0.08571429,0,160,500,1,1,180,3000,75000,0.66,150,30,180,1.0943571,150,30,180,1.0943571,false,0.2,5.6,5.6,5.6,5.6,2.2424242,0.6,2.4,12,0.6,4,1.25,0.4,-0.40499997,0.40499997,0.585,0.80999994,1,0.5,0.225,0.8,0.8,55000,70000,3500000,3900000,1,16.457144,180,50,30,300,700,950,5.704
AK74U_Arctic,Vintovka U EOMB,Legendary,false,true,primary,C_AR,AT_SemiAuto;AT_FullAuto,false,766.49994,0.08219178,0,45,180,1,1,122.84999,3000,5400,0.66,260,30,180,0.9990788,260,30,180,0.9990788,false,0.2,2,2,2.6,2.6,2.090909,0.5,2.8,5.6,0.6,1.6875,0.6,0.6,-0.175,0.203,0.45499998,0.63,0.9,0.65,0.35,0.95,0.95,82900,105000,3500000,3900000,1,13.808219,135.135,75,30,250,840.00006,1140,2.8
Wiz_M14,Wiz’s Rifle,Legendary,false,false,primary,C_DMR,AT_SemiAuto,false,200,0.3,0,20,40,1,1,370,3200,75000,0.66,150,30,180,0.9984112,150,30,180,0.9984112,false,0.2,2.23,2.23,2.83,2.83,2.090909,0.5,1.5,1.8,0.3,0.6,2,0.35,-1.5,1.5,4,6,0.6,0.3,0.2,0.9,0.9,66000,84000,3500000,3900000,1,48,370,45,30,250,700,950,2.83
RedhawkAlaskan,Bearslayer,Reserved,false,false,secondary,C_Revolver,AT_SemiAuto,false,300,0.2,0,6,30,1,1,380,1500,2400,0.66,190,30,150,0.74848664,190,30,150,0.74848664,false,0.2,2.5,2.5,2.5,2.5,1.4545455,0.45,1.4,3.9,0.3,1.3,1,0.3,-0.95,1.3,5,6.6,0.8,0.5,0.4,1.1,1.1,0,0,10000,10000,1,40,380,50,30,200,700,950,2.73
AI_PoliceSniper,Police Sniper Rifle,Reserved,false,false,primary,C_Sniper,AT_SemiAuto,false,54,1.1111112,0,5,30,1,1,750,5000,15000,0.66,260,30,180,1.003027,260,30,180,1.003027,false,0.2,3.1,3.1,4.16,4.16,2.7272727,0.5,0.5,0.5,0.01,0.01,2,0.35,-2,2,10,10,0.8,0.4,0.2,0.9,0.9,0,0,10000,10000,1,77.77778,750,75,30,250,4500,20000,3.3
AI_PoliceSniper_CRA04,Police Sniper Rifle,Reserved,false,false,primary,C_Sniper,AT_SemiAuto,false,54,1.1111112,0,5,30,1,1,750,5000,15000,0.66,260,30,180,1.003027,260,30,180,1.003027,false,0.2,3.1,3.1,4.16,4.16,2.7272727,0.5,0.5,0.5,0.01,0.01,2,0.35,-2,2,10,10,0.8,0.4,0.2,0.9,0.9,0,0,10000,10000,1,77.77778,750,75,30,250,4500,20000,3.3
